prompt,before,after,before_len,after_len
Explain LoRA in simple terms.,"### Instruction:
Explain LoRA in simple terms.

### Response:
**Low-Rank Approximation (LoRA) is a technique used to compress and reduce the dimensionality of large datasets.**

**Imagine you have a big box of different colored pens, and you want to keep track of how many of each color you have.**

**In this analogy, the pens represent the data points, and the colors represent the features (or dimensions) of the data.**

**With a lot of pens (high dimensionality), it's hard to keep track of everything.**

**But, if you can reduce the number of pens to a small number (low dimensionality), you can still get an idea of the overall distribution of pens (data).**

**LoRA works by selecting a subset of the original features (pens) to keep, and discarding the rest.**

**This reduces the dimensionality of the data, making it easier to store, process, and analyze.**

**The key insight is that LoRA is not about losing information,","### Instruction:
Explain LoRA in simple terms.

### Response:
LoRA is an abbreviation for Low-Rank Approximation. It is a type of deep learning algorithm that is used for compressing images. LoRA works by representing images as a low-rank matrix, which is a matrix that can be expressed as a sum of the outer product of two matrices. This allows LoRA to reduce the dimensionality of the image and compress it into a lower-dimensional representation. LoRA is often used for image compression because it is fast and efficient. It is also used for image recognition and other applications where low-dimensional representations of images are necessary. LoRA is particularly useful for applications where image data is being transmitted over a network and needs to be compressed in order to reduce the amount of data being sent. It is also useful for applications where image data needs to be processed quickly and efficiently. 

LoRA has been widely used in various applications such as image compression, image recognition, and image generation. It has been shown to be very effective in compressing images while still",154,180
Write a Python function to reverse a string.,"### Instruction:
Write a Python function to reverse a string.

### Response:
```python
def reverse_string(s):
    """"""
    Reverses a given string.

    Args:
        s (str): The input string.

    Returns:
        str: The reversed string.
    """"""
    return s[::-1]
```

### Example Use Cases:
```python
print(reverse_string(""hello""))  # Output: olleh
print(reverse_string(""world""))  # Output: dlrow
```","### Instruction:
Write a Python function to reverse a string.

### Response:
def reverse_string(input_str): 
    # Convert the input string into a list
    input_list = list(input_str)
    # Reverse the list
    input_list.reverse()
    # Join the list into a string
    return ''.join(input_list) 
   # Return the reversed string
    return input_str[::-1]  # or input_str[::-1]  # Python 3.5 and above 

# Test the function
print(reverse_string('Hello, World!'))  # Output:!dlroW,olleH 
print(reverse_string('Python'))  # Output: nohtyP 
print(reverse_string('reverse me!'))  # Output: em esrever! 
print(reverse_string('Python, Python'))  # Output: nohtyP, nohtyP 
print(reverse_string('Python, Python, Python'))  # Output: nohtyP, nohtyP, nohtyP 
print(reverse_string('Python",49,87
What is gradient accumulation and why is it used?,"### Instruction:
What is gradient accumulation and why is it used?

### Response:
Gradient accumulation is a technique used to stabilize the training process in deep learning models, particularly in the context of stochastic gradient descent (SGD) optimization. It involves accumulating the gradients of the loss function with respect to the model parameters over multiple iterations, rather than updating the parameters after each iteration.

This technique is used to prevent the vanishing gradient problem, which occurs when the gradients of the loss function are very small, causing the model to update slowly or not at all. By accumulating gradients, the model can update more efficiently and avoid slow convergence.

Gradient accumulation is particularly useful when training large models with many parameters, as it can help to stabilize the training process and improve the convergence rate. It is commonly used in combination with other optimization techniques, such as batch normalization and learning rate scheduling.

Here is an example of how gradient accumulation can be implemented in PyTorch:
```python
import torch
import torch.nn as nn
import torch.optim as optim

# Define the model and loss function
model","### Instruction:
What is gradient accumulation and why is it used?

### Response:
Gradient accumulation is a technique used in machine learning for optimizing models by accumulating the gradients of the loss function and then updating the model parameters. It is used to reduce the number of iterations required to reach convergence. It is a more efficient approach to optimization than traditional gradient descent, as it reduces the computational cost of each iteration. It is also more stable and less prone to oscillations in the parameter space. Gradient accumulation is used in many deep learning algorithms, including stochastic gradient descent, Adam, and RMSProp. It is also used in other optimization algorithms, such as momentum gradient descent and Nesterov's accelerated gradient descent. Gradient accumulation is used to optimize neural networks, which are widely used in image recognition, natural language processing, and other applications. It is also used in reinforcement learning to optimize the policies of agents in complex environments. Gradient accumulation is also used in reinforcement learning to optimize the policies of agents in complex environments. It is also used in reinforcement learning to optimize the policies of agents in complex environments",185,191
Explain attention in transformers like I'm 12.,"### Instruction:
Explain attention in transformers like I'm 12.

### Response:
Imagine you're trying to understand what a friend is saying, but they're speaking really fast and there are a lot of words. You need to focus on the important words, like ""dog"" or ""park"", and ignore the rest. That's kind of like what transformers do, but instead of words, they're working with special math problems.

**Attention** is a way for transformers to figure out which parts of the problem are most important. It's like a spotlight that shines on the important words, so you can understand them better.

Here's how it works:

* The transformer takes the math problem and breaks it down into smaller pieces, like individual numbers.
* It then compares each piece to every other piece, like ""which numbers are closest to each other?""
* The transformer uses a special math formula to decide which pieces are most important, like ""these numbers are really close together, so they must be related!""
* Finally, the transformer uses the important pieces to solve the math problem","### Instruction:
Explain attention in transformers like I'm 12.

### Response:
Attention is a technique used in machine learning to help computers understand context in natural language. It is used in transformers to help computers understand the meaning of words and phrases in a sentence. It helps computers to focus on the words that are most relevant to the conversation. Attention is like focusing your attention on the most important part of a story. It helps computers to understand the context of a sentence and to better understand the meaning of the words in it. It is used in many applications such as image recognition and natural language processing. 

Attention in transformers is similar to how humans focus on a specific part of a conversation. If humans are talking about a topic, we will focus on the most important points in the conversation. Computers can do the same thing using attention, and it helps them to better understand the context of the conversation and the meaning of the words in it. 

The main difference between humans and computers when it comes to attention is that humans have a much more natural ability to focus on a specific topic",178,198
Difference between LoRA and QLoRA.,"### Instruction:
Difference between LoRA and QLoRA.

### Response:
The key difference between LoRA (Low-Rank Approximation) and QLoRA (Quadratic LoRA) is the order of approximation and the number of parameters in the model.

- **LoRA** is a simple, linear approximation method where the input data is projected onto a low-rank matrix (typically of rank 1) to reduce the dimensionality of the input features. This is done by taking a linear combination of the original features to create a new, lower-dimensional representation.
  
- **QLoRA**, on the other hand, is a quadratic approximation method that uses a higher-order polynomial (quadratic) to approximate the original data. Unlike LoRA, QLoRA does not just reduce the dimensionality of the input features but also includes non-linear interactions between the features. This allows for a more complex representation of the data.

In summary, LoRA is a linear approximation method that reduces dimensionality, whereas QLoRA is a quadratic approximation method that includes non-linear interactions","### Instruction:
Difference between LoRA and QLoRA.

### Response:
LoRA (Low-Rank Approximation) and QLoRA (Quantized LoRA) are both variants of the LoRA algorithm. The main difference between the two is that QLoRA quantizes the input values to reduce the complexity of the model. This makes QLoRA more computationally efficient, but reduces its accuracy. LoRA, on the other hand, does not require any quantization, making it more accurate, but also more computationally expensive. QLoRA is also more suitable for large-scale models, as it can reduce the memory required to store the model. LoRA is more suitable for smaller models, as it requires less computational power. Both algorithms are used to improve the efficiency of neural networks. LoRA is often used in applications where the input values are large, such as image processing, while QLoRA is often used in applications where the input values are small, such as natural language processing. In addition, QLoRA is more suitable for applications where the",156,159
